INSERT INTO location (id,Country,State,City,Zipcode) VALUES (110,'US','New York','Huntington Station','11746');
INSERT INTO location (id,Country,State,City,Zipcode) VALUES (111,'US','Arizona','Pheonix','85001');
INSERT INTO location (id,Country,State,City,Zipcode) VALUES (112,'US','Massachusetts','Boston','2115');
INSERT INTO person (id,FirstName,LastName,EmailID,Password,Photo,BirthDate,PhoneNumber,Gender,AccountStatus) VALUES (1,'Sanika','Bhagat','sanika.s.bhagat@gmail.com','a384b6463fc216a5f8ecb6670f86456a','some url','1993-12-08','8578004072','MALE','ACTIVE');
INSERT INTO person (id,FirstName,LastName,EmailID,Password,Photo,BirthDate,PhoneNumber,Gender,AccountStatus) VALUES (2,'Gauri','Chavan','gauri.chavan@gmail.com','eb89f40da6a539dd1b1776e522459763','some url','1992-09-05','5186704072','FEMALE','ACTIVE');
INSERT INTO person (id,FirstName,LastName,EmailID,Password,Photo,BirthDate,PhoneNumber,Gender,AccountStatus) VALUES (3,'Vikas','Singh','vikas.singh@gmail.com','79f7d5a51acf11c304f1fd19ca867252','some url','1993-12-08','8576534689','MALE','ACTIVE');
INSERT INTO person (id,FirstName,LastName,EmailID,Password,Photo,BirthDate,PhoneNumber,Gender,AccountStatus) VALUES (4,'Himanshu','Bhagat','himanshu.s.bhagat@gmail.com','ba6cfb78f61e303e7ee3ff5ff9d3059d','some url','1989-05-12','8572688090','MALE','ACTIVE');
INSERT INTO person (id,FirstName,LastName,EmailID,Password,Photo,BirthDate,PhoneNumber,Gender,AccountStatus) VALUES (5,'Sadhana','Bhagat','sadhana.s.bhagat@gmail.com','bd1f3803edf501d1dc74f78eb2168164','some url','1964-09-23','9967307187','FEMALE','ACTIVE');
INSERT INTO person (id,FirstName,LastName,EmailID,Password,Photo,BirthDate,PhoneNumber,Gender,AccountStatus) VALUES (6,'Sambhaji','Bhagat','sambhaji.s.bhagat@gmail.com','72bf8bfbf1c2a6aa0a7681a4b29e7005','some url','1962-07-14','9820251011','MALE','ACTIVE');
INSERT INTO person (id,FirstName,LastName,EmailID,Password,Photo,BirthDate,PhoneNumber,Gender,AccountStatus) VALUES (7,'Preshita','Chaudhari','preshita.chaudhari@gmail.com','a0a587339e6b88886f002c4246ad759c','some url','1993-11-26','9969169369','FEMALE','ACTIVE');
INSERT INTO person (id,FirstName,LastName,EmailID,Password,Photo,BirthDate,PhoneNumber,Gender,AccountStatus) VALUES (8,'Tanmayee','Varpe','tanmayee.varpe@gmail.com','971ea053d62af841c6ab93c12763893b','some url','1993-12-31','9833304498','FEMALE','ACTIVE');
INSERT INTO person (id,FirstName,LastName,EmailID,Password,Photo,BirthDate,PhoneNumber,Gender,AccountStatus) VALUES (9,'Mohit','Nangare','mohit.nangare@gmail.com','8158abc12bffcea65c27539643d216b5','some url','1993-10-23','9324022277','MALE','ACTIVE');
INSERT INTO person (id,FirstName,LastName,EmailID,Password,Photo,BirthDate,PhoneNumber,Gender,AccountStatus) VALUES (10,'Rituja','Gupte','rituja.gupte@gmail.com','62b30838aeeba59e3564193d6b65501c','some url','1992-12-12','9773424474','FEMALE','ACTIVE');
INSERT INTO person (id,FirstName,LastName,EmailID,Password,Photo,BirthDate,PhoneNumber,Gender,AccountStatus) VALUES (11,'Rituja','Gupte','rituja.gupte@gmail.com','62b30838aeeba59e3564193d6b65501c','some url','1992-12-12','9773424474','FEMALE','ACTIVE');
INSERT INTO person (id,FirstName,LastName,EmailID,Password,Photo,BirthDate,PhoneNumber,Gender,AccountStatus) VALUES (17,'lorem','ipsum','faker@email.com','random-password','some url','1991-04-04','1234567654','MALE','ACTIVE');
INSERT INTO customer (customer_id,PaymentType,CardNumber,SecurityCode,NameOnCard) VALUES (1,'CREDIT CARD','1234567887654321','234','Sanika Bhagat');
INSERT INTO customer (customer_id,PaymentType,CardNumber,SecurityCode,NameOnCard) VALUES (2,'DEBIT CARD','4779967699739193','436','Gauri Chavan');
INSERT INTO customer (customer_id,PaymentType,CardNumber,SecurityCode,NameOnCard) VALUES (3,'CREDIT CARD','3623807819164948','293','Vikas Singh');
INSERT INTO customer (customer_id,PaymentType,CardNumber,SecurityCode,NameOnCard) VALUES (4,'DEBIT CARD','1234567887654321','236','Himanshu Bhagat');
INSERT INTO customer (customer_id,PaymentType,CardNumber,SecurityCode,NameOnCard) VALUES (5,'CREDIT CARD','8341245715421217','987','Sadhana Bhagat');
INSERT INTO customer (customer_id,PaymentType,CardNumber,SecurityCode,NameOnCard) VALUES (6,'DEBIT CARD','1748590099750292','679','Sambhaji Bhagat');
INSERT INTO customer (customer_id,PaymentType,CardNumber,SecurityCode,NameOnCard) VALUES (7,'CREDIT CARD','2345678912345678','762','Preshita Chaudhari');
INSERT INTO customer (customer_id,PaymentType,CardNumber,SecurityCode,NameOnCard) VALUES (17,'CREDIT CARD','1231-1233-2133-1231','345','lorem ipsum');
INSERT INTO host (host_id,BankName,AccountTYpe,AccountNumber,RoutingNumber) VALUES (8,'Santander','CHECKING','36552587167','75908686');
INSERT INTO host (host_id,BankName,AccountTYpe,AccountNumber,RoutingNumber) VALUES (9,'BOFA','CHECKING','02812679024','38051212');
INSERT INTO host (host_id,BankName,AccountTYpe,AccountNumber,RoutingNumber) VALUES (10,'Citi','CHECKING','97487333861','65388827');
INSERT INTO house (id,StreetNumber,StreetName,AptNumber,Availability,CostPerNight,LocationID,HostID) VALUES (1,'19','Saint Germain Street','6','AVAILABLE',50,112,8);
INSERT INTO house (id,StreetNumber,StreetName,AptNumber,Availability,CostPerNight,LocationID,HostID) VALUES (2,'10','May Street','8','AVAILABLE',100,110,9);
INSERT INTO house (id,StreetNumber,StreetName,AptNumber,Availability,CostPerNight,LocationID,HostID) VALUES (3,'53','BLack Canyon','54','AVAILABLE',75,111,10);
INSERT INTO house (id,StreetNumber,StreetName,AptNumber,Availability,CostPerNight,LocationID,HostID) VALUES (4,'23','Arizona Grand','2','AVAILABLE',120,111,8);
INSERT INTO house (id,StreetNumber,StreetName,AptNumber,Availability,CostPerNight,LocationID,HostID) VALUES (5,'27','Cave Creek','1024','AVAILABLE',20,111,9);
INSERT INTO house (id,StreetNumber,StreetName,AptNumber,Availability,CostPerNight,LocationID,HostID) VALUES (6,'75','Cityview','612','AVAILABLE',83,112,10);
INSERT INTO booking (id,BookingStartDate,BookingEndDate,BookingStatus,HouseID,CustomerID,FinalCost,TimeStamp) VALUES (1,36552587167,36552587167,'OPEN',1,1,200,'2017-12-12 02:31:02.000000');
INSERT INTO booking (id,BookingStartDate,BookingEndDate,BookingStatus,HouseID,CustomerID,FinalCost,TimeStamp) VALUES (2,36552587167,36552587167,'OPEN',1,1,200,'2017-12-12 02:43:19.000000');
INSERT INTO booking (id,BookingStartDate,BookingEndDate,BookingStatus,HouseID,CustomerID,FinalCost,TimeStamp) VALUES (3,36552587167,36552587167,'OPEN',2,2,400,'2017-12-12 02:45:41.000000');
INSERT INTO booking (id,BookingStartDate,BookingEndDate,BookingStatus,HouseID,CustomerID,FinalCost,TimeStamp) VALUES (4,36552587167,36552587167,'OPEN',3,3,150,'2017-12-12 02:46:39.000000');
INSERT INTO booking (id,BookingStartDate,BookingEndDate,BookingStatus,HouseID,CustomerID,FinalCost,TimeStamp) VALUES (5,36552587167,36552587167,'OPEN',6,4,166,'2017-12-12 02:54:13.000000');
INSERT INTO booking (id,BookingStartDate,BookingEndDate,BookingStatus,HouseID,CustomerID,FinalCost,TimeStamp) VALUES (6,36552587167,36552587167,'CANCELLED',5,4,120,'2017-12-12 02:55:11.000000');
